source,target,ligand_complex,receptor_complex,lr_means,cellphone_pvals,expr_prod,scaled_weight,lr_logfc,spec_weight,lrscore,specificity_rank,magnitude_rank
Fibroblast,MCF10A,TIMP1,CD63,2.1036801,0.2,2.9158702,0.016422442460675153,0.11142084052259049,0.11632148,0.97534734,0.09325722634559974,0.00018538691539976522
MCF10A,MCF10A,TIMP1,CD63,2.0943995,0.373,2.8996286,0.012090278862301792,-0.01286538447904384,0.115673564,0.9752801,0.17075336384126766,0.0007392937174104695
Fibroblast,MCF7,TIMP1,CD63,2.0846322,0.119,2.7889228,0.0047986285814731085,0.07476773585750252,0.11125722,0.9748065,0.17382725223686907,0.0029391433161331452
MCF10A,MCF7,TIMP1,CD63,2.0753515,0.491,2.7733881,0.00046646498309974764,-0.049518489144131816,0.11063751,0.9747378,0.6942608018577967,0.004578324838784254
Fibroblast,Fibroblast,TIMP1,CD63,2.080512,0.0,2.7614634,0.002284139897790921,0.0837199919517686,0.11016181,0.9746847,0.14725209514377433,0.0065725019106306955
MCF10A,Fibroblast,TIMP1,CD63,2.0712314,0.538,2.746082,-0.0020480237005824392,-0.04056623304986573,0.109548196,0.9746157,0.8416166945563827,0.00891829421493812
MCF7,MCF10A,TIMP1,CD63,2.0477355,0.796,2.8179646,-0.009766224617399942,-0.051374930643777184,0.112415776,0.9749334,0.43037937299364815,0.00891829421493812
MCF7,MCF7,TIMP1,CD63,2.0286875,1.0,2.6952796,-0.02139003849660199,-0.08802803530886516,0.10752156,0.9743837,1.0,0.011612320836462724
MCF7,Fibroblast,TIMP1,CD63,2.0245674,1.0,2.6687424,-0.023904527180284175,-0.07907577921459907,0.106462926,0.9742599,1.0,0.014651200859960694
Fibroblast,Fibroblast,VIM,CD44,2.0025334,0.0,2.231963,0.007167127021609762,0.21850540527739204,0.12507221,0.9719214,0.002025,0.01803155627960913
MCF10A,Fibroblast,COL1A1,CD44,1.9999222,0.208,2.2284684,0.01620733615898171,0.16676835508653332,0.12219404,0.9719,0.009843591626255036,0.021750000637024647
Fibroblast,Fibroblast,COL1A1,CD44,1.9756889,0.0,2.196042,0.004947965047233909,0.19965449878033903,0.120415986,0.9716991,0.01684898060241787,0.025803155647911226
MCF7,MCF7,LAMC1,ITGA2_ITGB1,0.38910866,1.0,0.15137975,-0.02066883924936431,-0.18825239494588852,0.11163033,0.90014553,1.0,0.040723420955282544
Fibroblast,MCF7,VIM,CD44,1.9748324,0.97,2.04714,-0.011342881652052212,-0.005758220004298709,0.11471531,0.97071755,0.5578798963572627,0.045295263921292045
MCF10A,MCF7,COL1A1,CD44,1.972221,0.416,2.0439348,-0.002302672514680266,-0.05749527019515743,0.11207547,0.97069526,0.48768868246704483,0.05097126325202517
Fibroblast,MCF7,COL1A1,CD44,1.9479878,0.994,2.0141935,-0.013562043626428065,-0.02460912650135172,0.11044466,0.9704861,1.0,0.05696167818246983
MCF7,Fibroblast,COL1A1,CD44,1.9107578,1.0,2.1091576,-0.025169462216442624,0.016687446535369688,0.11565184,0.9711388,1.0,0.0632631474318169
MCF7,Fibroblast,VIM,CD44,1.9019946,1.0,2.0974317,-0.04036742371263495,0.00627700424020361,0.1175335,0.9710605,1.0,0.06987228051421346
Fibroblast,MCF10A,VIM,CD44,1.9604042,0.834,1.9508736,-0.02098346198571069,-0.020002496747361542,0.10932085,0.9700252,0.9356964705279694,0.06987228051421346
MCF10A,MCF10A,COL1A1,CD44,1.9577928,0.542,1.9478195,-0.011943252848338741,-0.07173954693822027,0.106805146,0.9700024,1.0,0.0767856849266075
MCF10A,MCF7,MMP1,ITGA2,0.3918367,0.969,0.15347502,-0.03715508057265419,-0.2076449759111203,0.10666246,0.9007617,1.0,0.0810766315658127
MCF10A,Fibroblast,VIM,CD44,1.8769574,0.994,2.0639293,-0.052206541886481515,0.052863759573521296,0.115656145,0.9708334,1.0,0.08400000241398813
MCF7,MCF7,COL1A1,CD44,1.8830566,1.0,1.9345039,-0.0436794708901046,-0.20757617874632106,0.10607502,0.9699024,1.0,0.08400000241398813
MCF7,MCF7,VIM,CD44,1.8742934,1.0,1.9237489,-0.058877432386296925,-0.21798662104148714,0.107800856,0.9698209,1.0,0.09931780663475247
Fibroblast,MCF10A,COL1A1,CD44,1.9335594,0.862,1.9194766,-0.02320262396008654,-0.03885340324441455,0.10525102,0.9697884,1.0,0.09931780663475247
MCF10A,MCF7,LAMC1,ITGA2_ITGB1,0.39588237,0.743,0.15658231,-0.015077417625336903,-0.10047171883372208,0.115466796,0.90165395,0.8416166945563827,0.12106132636716413
MCF10A,MCF7,VIM,CD44,1.8492563,0.997,1.8930209,-0.07071655056014349,-0.17139986570816945,0.10607896,0.9695844,1.0,0.14264142161674942
MCF7,MCF10A,COL1A1,CD44,1.8686283,1.0,1.8435344,-0.05332005122376307,-0.2218204554893839,0.10108686,0.9691914,1.0,0.14264142161674942
MCF7,MCF10A,VIM,CD44,1.8598652,1.0,1.8332851,-0.0685180127199554,-0.23223089778454997,0.10273155,0.96910805,1.0,0.15214125579747834
Fibroblast,MCF7,LAMC1,ITGA2_ITGB1,0.39872772,0.993,0.1587677,-0.012728029881252668,-0.01092594189084517,0.11707834,0.9022668,1.0,0.16067918358518163
MCF10A,MCF10A,VIM,CD44,1.8348279,0.998,1.804002,-0.08035713089380196,-0.18564414245123229,0.101090625,0.9688661,1.0,0.17194890028869733
Fibroblast,Fibroblast,LGALS1,ITGB1,1.7563845,0.0,1.971829,0.005635840431208082,0.0983581644114968,0.13010705,0.9701801,0.008332219452223207,0.19281142380817956
MCF7,MCF7,MMP1,ITGA2,0.40472907,1.0,0.16337708,-0.027090244147315833,-0.1497538894997268,0.11354422,0.90352136,1.0,0.19993191791815887
Fibroblast,Fibroblast,COL1A2,CD44,1.7453021,0.0,1.8877612,0.005531267084263517,0.21352624066953219,0.12190518,0.96954334,0.01120142066798716,0.20362978310769975
MCF10A,Fibroblast,COL1A2,CD44,1.7352028,0.498,1.8742474,0.000911052734727527,0.12368993351455915,0.1210325,0.9694371,0.025594776309762098,0.2147017106708957
Fibroblast,MCF7,LGALS1,ITGB1,1.7215933,1.0,1.776205,-0.01719262211043189,0.11011147821800926,0.11719918,0.968631,1.0,0.22602386311405281
Fibroblast,MCF7,COL1A2,CD44,1.717601,0.991,1.7314408,-0.012978741589398457,-0.010737384612158563,0.11181053,0.9682409,1.0,0.23759278528736016
MCF7,Fibroblast,LAMC1,ITGA2_ITGB1,0.40785372,0.872,0.16615795,-0.0052921635788552015,0.016213282673312568,0.12252805,0.90425444,0.20319389001001575,0.23882118765418126
MCF10A,MCF7,COL1A2,CD44,1.7075016,0.743,1.719046,-0.017598955938934447,-0.1005736917671316,0.11101012,0.9681303,0.8644389044464172,0.24940513299246617
Fibroblast,MCF10A,COL1A2,CD44,1.7031727,0.852,1.6500202,-0.022619321923056934,-0.024981661355221396,0.10655267,0.9674919,1.0,0.2614575652230692
MCF7,Fibroblast,LGALS1,ITGB1,1.6979996,1.0,1.8899304,-0.02109882622540135,-0.08922326059320906,0.124703124,0.9695603,1.0,0.2737466220412821
MCF10A,Fibroblast,MMP1,ITGA2,0.41058174,0.88,0.16845776,-0.021778404902145082,-0.003179298291919208,0.117075205,0.90484786,0.5184,0.27734869941062584
MCF10A,MCF10A,COL1A2,CD44,1.6930733,0.793,1.6382083,-0.027239536272592922,-0.11481796851019443,0.10578989,0.9673788,1.0,0.28626896165941645
Fibroblast,MCF10A,LGALS1,ITGB1,1.6742216,0.995,1.5098436,-0.04827595859178739,-0.17155948818217537,0.09962389,0.9660665,1.0,0.29902124534883223
MCF7,Fibroblast,COL1A2,CD44,1.6691421,1.0,1.7858516,-0.029351319601097686,0.005664956349675787,0.11532419,0.9687132,1.0,0.3120000085830689
Fibroblast,MCF7,COL5A2,ITGA2_ITGB1,0.4133928,0.986,0.17003132,-0.010742560179301456,0.049974742514700576,0.12012534,0.90524733,0.5780478058192746,0.3155161436451144
MCF7,MCF7,LGALS1,ITGB1,1.6632084,1.0,1.7024313,-0.04392728876704133,-0.07746994678669661,0.11233138,0.9679801,1.0,0.32520191188535014
MCF10A,Fibroblast,COL1A1,ITGA2_ITGB1,1.8761561,0.212,1.4039899,0.01601706126533051,0.16094694644713714,0.12884948,0.9648546,0.006662530276385387,0.3386235743487447
MCF10A,Fibroblast,LGALS1,ITGB1,1.6494938,0.995,1.8218894,-0.04331192438244065,-0.128702116557881,0.12021359,0.9690146,1.0,0.3386235743487447
MCF7,MCF7,COL1A2,CD44,1.641441,1.0,1.63797,-0.04786132827475966,-0.21859866893201496,0.1057745,0.9673765,1.0,0.3522616601263242
MCF10A,Fibroblast,LAMC1,ITGA2_ITGB1,0.4146274,0.477,0.1718684,0.00029925804517220295,0.10399395878547901,0.12673905,0.9057073,0.020535378342868612,0.353325210815269
MCF7,MCF10A,COL1A2,CD44,1.6270127,0.999,1.5609448,-0.05750190860841814,-0.2328429456750778,0.10080048,0.9666078,1.0,0.3661126988838706
Fibroblast,Fibroblast,COL1A1,ITGA2_ITGB1,1.8519229,0.0,1.3835604,0.00475769015358271,0.19383309014094285,0.12697458,0.9646053,0.0010495457960521819,0.3661126988838706
MCF10A,MCF7,COL5A2,ITGA2_ITGB1,0.41886896,0.625,0.1742373,-0.006341669270305682,-0.05245041726540278,0.123096816,0.90629023,0.4442057253602897,0.39077762192763127
MCF7,MCF10A,LGALS1,ITGB1,1.6158367,1.0,1.4471332,-0.07501062524839683,-0.35914091318688124,0.09548607,0.9653642,1.0,0.39444029188465146
MCF7,MCF10A,COL6A1,CD44,0.7189444,0.981,0.49888396,-0.040098340362300894,-0.2104617963770694,0.1054167,0.9424123,1.0,0.3958286800026267
MCF10A,Fibroblast,COL4A1,CD44,0.7147535,0.195,0.50878376,0.016570313287614862,0.139493558239973,0.1282376,0.9429432,0.0039054529281253208,0.40652617122543067
MCF7,Fibroblast,COL1A1,ITGA2_ITGB1,1.7869917,1.0,1.3288212,-0.025359737110093823,0.010866037895973513,0.121950954,0.9639096,1.0,0.4089100378685814
MCF10A,MCF7,LGALS1,ITGB1,1.6147026,1.0,1.6411407,-0.06614038692408063,-0.11694880275136854,0.10828726,0.967407,1.0,0.4089100378685814
MCF7,Fibroblast,PKM,CD44,0.7203453,0.0,0.51626617,0.017990101320136728,0.10890213188619868,0.12108052,0.9433347,0.020690801516289874,0.41741468386718333
Fibroblast,Fibroblast,LAMC1,ITGA2_ITGB1,0.41747275,0.0,0.17426713,0.002648645789256437,0.19353973572835592,0.12850791,0.90629745,0.007645406734512668,0.4278750060517341
MCF10A,Fibroblast,COL6A1,CD44,0.7217841,0.973,0.51819146,-0.03521866814519989,0.01794278645759939,0.10949647,0.9434341,1.0,0.4284959083813481
MCF10A,MCF7,COL1A1,ITGA2_ITGB1,1.857411,0.344,1.2791182,0.0006403855948214042,-0.04351873117206395,0.11738952,0.9632407,0.35407417526125273,0.43844457002158777
MCF7,MCF7,COL6A1,CD44,0.7333727,1.0,0.52350146,-0.030457760028642422,-0.19621751963400658,0.11061851,0.9437055,1.0,0.43977153522139245
Fibroblast,MCF10A,COL6A1,CD44,0.745662,0.884,0.53013235,-0.024274181006972064,-0.037948016924924,0.11201964,0.9440389,0.7548163120688476,0.4512434065629265
Fibroblast,Fibroblast,COL3A1,ITGA2_ITGB1,0.75239116,0.0,0.45661548,0.0032778979572764787,0.1686716652492528,0.1297886,0.9399624,0.004371286114336453,0.4512434065629265
MCF10A,MCF7,PKM,CD44,0.70458287,0.347,0.48816785,0.0071717768725777405,-0.08551187018502504,0.114490576,0.94182026,0.6749097756300796,0.4512434065629265
MCF10A,Fibroblast,PKM,CD44,0.732284,0.083,0.53224134,0.025681785546239715,0.1387517550966657,0.124827184,0.9441437,0.0027289724012074554,0.4629129120197474
Fibroblast,MCF7,MMP1,ITGA2,0.42425856,0.991,0.17837682,-0.01184326743899071,-0.03936632365249504,0.12396879,0.9072825,1.0,0.464619084485754
MCF10A,MCF10A,LGALS1,ITGB1,1.567331,1.0,1.3950337,-0.09722372340543613,-0.39861976915155317,0.0920484,0.96474594,1.0,0.46875
Fibroblast,MCF7,COL1A1,ITGA2_ITGB1,1.8331778,0.962,1.2605057,-0.010618985516926395,-0.010632587478258237,0.11568139,0.9629803,0.4712281076412133,0.46875
MCF7,MCF10A,COL6A2,CD44,0.7524104,0.983,0.5380253,-0.04035513773411129,-0.21401821968810197,0.10078972,0.944428,1.0,0.4747818911850113
Fibroblast,Fibroblast,COL4A1,CD44,0.6962626,0.0,0.4840411,0.004613467957337369,0.2559911324389894,0.12200127,0.94158727,0.010672085240079229,0.4747818911850113
MCF10A,MCF7,COL6A1,CD44,0.694083,0.996,0.4752814,-0.05372867681886186,-0.20632083882409136,0.10042935,0.94108295,1.0,0.48685203451218373
MCF7,MCF10A,FN1,CD44,0.755717,0.968,0.5418926,-0.03526425767632532,-0.20224106398716324,0.100451,0.94461566,1.0,0.48685203451218373
Fibroblast,MCF7,COL6A1,CD44,0.76009023,0.999,0.5562919,-0.014633600673313587,-0.023703740181861166,0.11754728,0.9452977,1.0,0.4991250324547297
MCF7,MCF7,PKM,CD44,0.6926442,0.496,0.47351554,-0.0005199073535252473,-0.11536149339549207,0.11105416,0.9409797,0.9603999999999999,0.4991250324547297
MCF7,Fibroblast,MMP1,ITGA2,0.4234741,0.998,0.17932649,-0.011713568476806725,0.0547117881194743,0.12462879,0.90750563,0.7168000000000001,0.5010115476873129
Fibroblast,MCF10A,FN1,CD44,0.77315193,0.895,0.5622842,-0.025194396572985313,-0.054882915939935994,0.10423101,0.94557405,1.0,0.5116025754661152
Fibroblast,Fibroblast,PKM,CD44,0.692539,0.502,0.47905856,7.690980286973554e-05,0.11569890289893792,0.11235417,0.94130206,0.31381354582141147,0.5116025754661152
Fibroblast,Fibroblast,COL6A3,CD44,1.4042281,0.0,1.43137,0.004079272606873265,0.14756818156018303,0.12322391,0.96518064,0.005313325592514174,0.5155942445643236
MCF7,MCF7,COL1A1,ITGA2_ITGB1,1.7682467,1.0,1.210635,-0.04073641278060293,-0.19359963972322758,0.11110456,0.962254,1.0,0.5155942445643236
MCF10A,MCF10A,COL6A2,CD44,0.7740494,0.811,0.56333387,-0.027910047673119807,-0.1908843296794318,0.105530836,0.945622,1.0,0.5242863539998059
MCF10A,Fibroblast,COL3A1,ITGA2_ITGB1,0.72834766,0.709,0.43634593,-0.010072626089838518,0.04461931805624708,0.124027185,0.9386683,0.0719037029481832,0.5242863539998059
Fibroblast,MCF7,COL6A3,CD44,1.376527,0.999,1.312842,-0.01443073606678871,-0.07669544372150772,0.11302006,0.9636986,1.0,0.5315652205860997
Fibroblast,Fibroblast,COL5A2,ITGA2_ITGB1,0.43213785,0.0,0.18663035,0.0046341154912076495,0.25444042013390167,0.13185237,0.9091675,0.0007803018919472713,0.5370540861140329
MCF7,Fibroblast,COL3A1,ITGA2_ITGB1,0.72806394,0.985,0.43610674,-0.010230394168707036,0.0474547647427257,0.123959206,0.9386525,0.5234625230517042,0.5371780585092677
MCF7,MCF7,COL6A2,CD44,0.7668388,1.0,0.56457424,-0.03071455740045282,-0.19977394294503914,0.10576321,0.9456786,1.0,0.5371780585092677
MCF7,Fibroblast,COL6A3,CD44,1.3636876,0.999,1.3771229,-0.014629282639925006,0.0850661507078625,0.11855387,0.9645256,1.0,0.5477085188758904
Fibroblast,Fibroblast,COL1A2,ITGA2_ITGB1,1.621536,0.0,1.1893361,0.005340992190612318,0.207704832030136,0.12854488,0.9619303,0.0004000000000000001,0.5477085188758904
MCF7,MCF7,FN1,CD44,0.7701453,1.0,0.56863236,-0.025623677342666844,-0.1879967872441004,0.105407774,0.94586223,1.0,0.5502793794479657
Fibroblast,MCF10A,COL6A2,CD44,0.77994454,0.883,0.57022876,-0.02452019595082597,-0.036720103250962755,0.106822476,0.94593394,1.0,0.5635920072693654
MCF10A,MCF10A,PKM,CD44,0.69015455,0.523,0.4652119,-0.0024688034610807347,-0.09975614692808787,0.109106675,0.9404865,0.9603999999999999,0.5635920072693654
Fibroblast,MCF10A,COL6A3,CD44,1.3620987,0.868,1.251106,-0.024071316400447185,-0.09093972046457055,0.10770532,0.96284664,1.0,0.5640208626674093
MCF10A,MCF7,COL4A2,ITGA2_ITGB1,0.4378298,0.951,0.18880028,-0.03515319941840934,-0.19892507285401595,0.107844636,0.90964365,1.0,0.5727484193350628
MCF7,Fibroblast,COL6A1,CD44,0.7610738,0.996,0.570765,-0.011947751354980447,0.028046105647684172,0.120605536,0.945958,0.8031001161122872,0.5771176324269327
MCF10A,Fibroblast,FN1,ITGA2,0.71102583,0.24,0.421743,0.01403568935018708,0.13442744425075848,0.13084711,0.93768114,0.008098347191760667,0.5771176324269327
MCF10A,MCF7,COL4A1,CD44,0.68705237,0.51,0.46665275,-0.0019396953860471126,-0.08477006704171774,0.11761859,0.940573,0.505925,0.5771176324269327
MCF10A,Fibroblast,COL1A2,ITGA2_ITGB1,1.6114367,0.505,1.1808219,0.0007207778410763283,0.11786852487516297,0.12762468,0.96179855,0.03153604864546542,0.5804988710537251
MCF10A,Fibroblast,COL6A3,CD44,1.3457198,0.902,1.35308,-0.022921225007613063,0.004489818092946685,0.116484076,0.96422297,0.601522028891469,0.5804988710537251
MCF10A,MCF10A,FN1,CD44,0.79266244,0.667,0.58510333,-0.013924624763482172,-0.09825904913459893,0.10846101,0.9465887,1.0,0.590857945374133
MCF10A,MCF10A,COL6A1,CD44,0.67965466,0.989,0.4529314,-0.06336925715252034,-0.2205651155671542,0.09570669,0.9397334,1.0,0.590857945374133
MCF7,Fibroblast,COL1A2,ITGA2_ITGB1,1.5453761,1.0,1.1251304,-0.029541594494748885,-0.00015645228972038794,0.12160546,0.960901,1.0,0.5971391631279066
MCF7,MCF7,COL6A3,CD44,1.3359865,1.0,1.2630869,-0.03313929131358698,-0.13919747457382825,0.10873674,0.96301675,1.0,0.5971391631279066
Fibroblast,MCF7,FN1,CD44,0.78758025,0.999,0.5900302,-0.015553816239326838,-0.04063863919687316,0.109374315,0.9468003,1.0,0.6048146365644322
Fibroblast,MCF7,COL3A1,ITGA2_ITGB1,0.7336461,0.988,0.4160038,-0.012098777713232627,-0.03579401236994828,0.11824513,0.9372796,0.943877374631194,0.6048146365644322
MCF7,MCF7,TNC,ITGA2,0.43962795,1.0,0.19018139,-0.02448030121406871,-0.19360716544334267,0.10980382,0.90994275,1.0,0.6080961504734431
MCF7,MCF10A,COL6A3,CD44,1.3215582,0.993,1.2036906,-0.042779871647245456,-0.15344175131689108,0.10362341,0.9621494,1.0,0.6139383579830228
MCF10A,MCF7,COL6A2,CD44,0.7884777,0.795,0.5911317,-0.01826946733946133,-0.17664005293636897,0.11073828,0.9468472,1.0,0.6189893964512956
MCF7,MCF10A,PKM,CD44,0.67821586,0.687,0.45124862,-0.010160487687183722,-0.1296057701385549,0.10583186,0.9396279,1.0,0.6189893964512956
Fibroblast,Fibroblast,COL6A2,ITGA2_ITGB1,0.698308,0.0,0.41102138,0.0034401181628432803,0.19596639013439465,0.12887038,0.9369245,0.003200192951301141,0.6189893964512956
Fibroblast,MCF7,COL1A2,ITGA2_ITGB1,1.602791,0.935,1.0835557,-0.010035683479896787,0.003239154410934919,0.117112026,0.96018755,0.35407417526125273,0.6308930747121423
MCF10A,MCF7,COL6A3,CD44,1.3180187,0.971,1.2410351,-0.041431233681275034,-0.21977380718874406,0.10683833,0.9627018,1.0,0.6308930747121423
MCF10A,Fibroblast,COL6A2,ITGA2_ITGB1,0.6924128,0.507,0.40605155,5.026644054944218e-05,0.0418021637059256,0.12731215,0.9365641,0.03372905952420103,0.6333841056922743
Fibroblast,MCF7,COL6A2,CD44,0.7943729,0.998,0.5983668,-0.014879615617167495,-0.02247582650789992,0.11209365,0.9471525,1.0,0.6333841056922743
MCF10A,Fibroblast,COL5A2,ITGA2_ITGB1,0.437614,0.332,0.19124693,0.009035006400203424,0.1520152603537983,0.13511394,0.9101715,0.009754610577655844,0.6430990858676455
MCF10A,MCF10A,COL6A3,CD44,1.3035903,0.971,1.1826757,-0.05107181401493351,-0.2340180839318069,0.101814285,0.96182734,1.0,0.648000045061112
MCF10A,MCF7,COL1A2,ITGA2_ITGB1,1.5926917,0.676,1.0757989,-0.014655897829432777,-0.08659715274403812,0.11627366,0.96005005,0.6942608018577967,0.648000045061112
Fibroblast,Fibroblast,COL6A1,CD44,0.7877914,0.0,0.6065158,0.0038764080003483867,0.20055988509982958,0.12815987,0.94749004,0.0015769431732805133,0.6480000772476229
Fibroblast,Fibroblast,FN1,ITGA2,0.6915153,0.0,0.40529492,0.0027659175406839383,0.1778035774454214,0.12574404,0.93650866,0.007001955126015984,0.6480000772476229
MCF10A,MCF7,COL3A1,ITGA2_ITGB1,0.7096026,0.841,0.39753702,-0.025449301760347626,-0.159846359562954,0.112996124,0.9359316,1.0,0.6628391888820996
MCF10A,MCF7,FN1,CD44,0.80709076,0.537,0.61397535,-0.0042840444298236965,-0.0840147723915361,0.11381304,0.9477933,0.6374240847619699,0.6628391888820996
Fibroblast,Fibroblast,MMP1,ITGA2,0.4430036,0.0,0.19579057,0.0035334082315183965,0.16509935396670605,0.13607103,0.91112673,0.0028680008196161465,0.6777588012249597
MCF10A,MCF10A,COL4A1,CD44,0.67262405,0.667,0.44470853,-0.011580275719705588,-0.09901434378478058,0.1120876,0.9392125,0.7973309217266581,0.6779031310491698
MCF7,MCF7,COL3A1,ITGA2_ITGB1,0.7093189,0.999,0.3973191,-0.025607069839216144,-0.1570109128764754,0.112934195,0.9359152,1.0,0.6779031310491698
MCF7,Fibroblast,COL6A2,CD44,0.7945399,0.996,0.615546,-0.012204548726790845,0.024489682336651608,0.11531188,0.9478564,1.0,0.6779031310491698
MCF7,MCF7,COL1A2,ITGA2_ITGB1,1.526631,1.0,1.0250605,-0.04491827016525799,-0.20462212990892148,0.1107898,0.9591132,1.0,0.6826566616333489
MCF7,Fibroblast,FN1,CD44,0.79784644,0.941,0.61997044,-0.00711366866900487,0.03626683803759034,0.114924364,0.94803315,0.36737129743022745,0.6931935942022991
Fibroblast,Fibroblast,FN1,CD44,0.8152814,0.0,0.6433002,0.002956192434335137,0.1836249860848176,0.11924901,0.9489356,0.03650941875554948,0.7087122687949535
MCF7,Fibroblast,FN1,ITGA2,0.6740804,0.956,0.39059663,-0.007303943562656069,0.030445429398194168,0.12118386,0.93540156,0.39240830544361727,0.7087122687949535
Fibroblast,MCF7,COL4A1,CD44,0.66856146,0.998,0.44395894,-0.013896540716324606,0.03172750715729866,0.11189867,0.93916434,1.0,0.7087122687949535
MCF7,MCF7,COL4A2,ITGA2_ITGB1,0.4530648,1.0,0.20050162,-0.02415461233008745,-0.19154426032929406,0.11452857,0.9120847,1.0,0.7120771006283643
Fibroblast,Fibroblast,COL6A3,ITGA2_ITGB1,1.280462,0.0,0.9017983,0.0038889977132220664,0.14174677292078686,0.12993544,0.9565259,0.0017904787924322106,0.7178812711020326
Fibroblast,MCF7,PKM,CD44,0.66483784,1.0,0.439389,-0.01843309887079224,-0.10856472238275283,0.10305041,0.93886805,1.0,0.7244608452805984
MCF10A,Fibroblast,COL6A2,CD44,0.81617886,0.499,0.6445011,0.00024054133420064083,0.047623572345321774,0.120736115,0.9489808,0.027472529789083766,0.7244608452805984
MCF7,Fibroblast,COL6A2,ITGA2_ITGB1,0.67077386,0.998,0.3878091,-0.012394823620442042,0.018668273697255433,0.121592484,0.93518484,0.965925,0.7244608452805984
MCF7,Fibroblast,COL6A3,ITGA2_ITGB1,1.2399216,0.999,0.86762124,-0.014819557533576205,0.07924474206846632,0.12501104,0.9557155,0.8960282767570521,0.735698120905214
MCF10A,MCF7,FN1,ITGA2,0.69228077,0.437,0.3842329,-0.0013409863203220265,-0.07003823336844262,0.11920948,0.9349035,0.39240830544361727,0.7404410141126989
Fibroblast,Fibroblast,COL6A2,CD44,0.82207406,0.0,0.6523894,0.0036303930564944792,0.20178779877379083,0.12221386,0.9492745,0.009064298886688065,0.7404410141126989
Fibroblast,MCF7,TNC,ITGA2,0.45609134,0.993,0.2028262,-0.012327727602859254,-0.003748004333879784,0.11710447,0.9125457,0.9417705621200736,0.7460556174471
MCF10A,Fibroblast,COL6A3,ITGA2_ITGB1,1.2219537,0.905,0.85247374,-0.023111499901264262,-0.0013315905464494904,0.12282852,0.9553413,0.6192779454955266,0.7536468262117135
Fibroblast,Fibroblast,COL6A1,ITGA2_ITGB1,0.6640253,0.0,0.3821199,0.003686133106697188,0.1947384764604334,0.13514024,0.9347355,0.0022818386722218424,0.7566544657447212
MCF7,MCF7,SPARC,ENG,0.98673886,1.0,0.66243255,-0.03994428481056572,-0.18509246880997687,0.0885366,0.94964105,1.0,0.7566544657447212
Fibroblast,MCF7,COL6A3,ITGA2_ITGB1,1.261717,0.979,0.8215918,-0.01148767795728704,-0.06271890469841424,0.11837891,0.9545475,0.7433145594681368,0.7717241250517273
MCF10A,MCF10A,SPARC,ENG,1.1803113,0.004,1.0837678,0.08331281335805821,0.31297776242759534,0.14484963,0.9601913,1.1939075199781435e-05,0.7717241250517273
MCF10A,Fibroblast,FN1,CD44,0.8347919,0.232,0.6694072,0.014225964243838277,0.14024885289015465,0.12408848,0.94989085,0.007354186803253534,0.7731028906301309
MCF7,Fibroblast,COL4A1,CD44,0.6548165,1.0,0.42858207,-0.02218564427055122,-0.041466448916287035,0.10802297,0.9381495,1.0,0.7731028906301309
MCF10A,MCF7,TNC,ITGA2,0.45645827,0.709,0.203108,-0.012057058516326305,-0.1282408096252079,0.11726718,0.9126011,0.8254534475104159,0.7796959872781939
Fibroblast,MCF10A,COL4A1,CD44,0.65413314,0.876,0.42308187,-0.02353712104998308,0.01748323041423583,0.10663666,0.9377737,1.0,0.7897879792223933
MCF7,Fibroblast,SPARC,ENG,0.99906737,1.0,0.700518,-0.03023539252649474,-0.044503199858187736,0.093626864,0.95096105,1.0,0.7897879792223933
Fibroblast,MCF7,COL6A2,ITGA2_ITGB1,0.6795629,0.988,0.37446487,-0.011936557507665825,-0.00849928748480644,0.11740857,0.93411547,0.8710780086742709,0.7897879792223933
Fibroblast,MCF10A,SPARC,ENG,1.1547416,0.0,1.0518516,0.07095670261879868,0.34780478627833933,0.14058392,0.95961607,1.1939075199781435e-05,0.7899263994531647
MCF7,MCF7,COL6A3,ITGA2_ITGB1,1.2211765,1.0,0.79045445,-0.03019623320408531,-0.12522093555073477,0.11389249,0.953702,1.0,0.7899263994531647
Fibroblast,MCF7,SPARC,ENG,1.0571234,0.797,0.7228037,-0.0059137058581279515,0.004400106971744977,0.096605435,0.95168614,0.7355433425129467,0.8067114219749739
MCF10A,Fibroblast,SPARC,ENG,1.0950215,0.2,0.787553,0.016151297165202565,0.11016235207279013,0.10525942,0.95362073,0.09538684516084969,0.8082503866149597
MCF10A,Fibroblast,COL4A2,ITGA2_ITGB1,0.45657483,0.847,0.2072316,-0.019776523747900232,0.005540604765185142,0.11837279,0.9133994,0.43037937299364815,0.8130000108629466
MCF10A,MCF7,SPARC,ENG,1.082693,0.31,0.74473566,0.00644240488113158,-0.03042691687899901,0.099536724,0.95236874,0.8308552390301935,0.8238749093413387
MCF10A,MCF7,COL6A2,ITGA2_ITGB1,0.6736677,0.718,0.36993703,-0.015326409229959663,-0.1626635139132755,0.115988925,0.93374014,1.0,0.8238749093413387
Fibroblast,MCF10A,PKM,CD44,0.6504096,0.928,0.41872683,-0.028073679204450714,-0.12280899912581567,0.098204486,0.9374711,1.0,0.8238749093413387
MCF10A,MCF7,COL6A3,ITGA2_ITGB1,1.2032087,0.949,0.7766541,-0.038488175571773364,-0.20579726816565058,0.11190407,0.95331156,1.0,0.8266927056301814
MCF7,MCF10A,SPARC,ENG,1.0843571,0.191,0.9639971,0.0369261236663609,0.15831221049661748,0.12884183,0.95789176,0.003477882445087399,0.8266927056301814
Fibroblast,MCF7,FN1,ITGA2,0.67277026,0.991,0.36924773,-0.012610758129825168,-0.02666210017377968,0.11456029,0.93368244,1.0,0.8412801317749528
Fibroblast,Fibroblast,SPARC,ENG,1.0694518,0.0,0.76436013,0.003795186425943036,0.14498937592353411,0.102159604,0.9529552,0.04386673041458916,0.8412801317749528
MCF7,Fibroblast,TNC,ITGA2,0.458373,0.988,0.20874754,-0.009103625543559602,0.010858512175858426,0.12052324,0.9136872,0.5780478058192746,0.8459692694781099
MCF7,Fibroblast,COL6A1,ITGA2_ITGB1,0.63730776,0.999,0.359596,-0.012138026248631644,0.022224697008287997,0.12717447,0.9328577,0.8710780086742709,0.8589290127600427
MCF7,MCF7,FN1,ITGA2,0.6553353,1.0,0.35585672,-0.022680619233165174,-0.17402024822100692,0.11040568,0.93252957,1.0,0.8768227799138508
MCF7,MCF7,COL4A1,CD44,0.62711537,1.0,0.3930923,-0.04069565294421319,-0.2657300741979778,0.09907787,0.9355937,1.0,0.8768227799138508
Fibroblast,MCF7,COL4A2,ITGA2_ITGB1,0.46964413,0.99,0.21323547,-0.012185098122044023,-0.0004982063712875018,0.12180227,0.9145223,0.8943441568198893,0.8786055616649088
MCF7,MCF7,COL6A2,ITGA2_ITGB1,0.6520288,1.0,0.3533171,-0.02777149929095115,-0.18579740392194566,0.11077797,0.9323039,1.0,0.8949633535174721
MCF10A,MCF7,CCN1,CAV1,0.47495627,0.999,0.2181921,-0.049429857553490275,-0.3736597595145916,0.09709469,0.9154162,1.0,0.9109105235703883
MCF7,MCF10A,COL4A1,CD44,0.61268705,0.997,0.37460724,-0.05033623327787167,-0.2799743509410406,0.09441876,0.9341272,1.0,0.9133524240243724
Fibroblast,MCF7,COL6A1,ITGA2_ITGB1,0.6452803,0.987,0.3481339,-0.011690542563811917,-0.009727201158767684,0.12312078,0.93183607,0.890337905942374,0.9319916818880172
Fibroblast,Fibroblast,COL4A2,CD44,0.6121552,0.0,0.37149698,0.0033818524421162805,0.20978887988730976,0.1267874,0.9338702,0.003560439860665255,0.9319916818880172
MCF7,Fibroblast,COL4A2,ITGA2_ITGB1,0.47180983,0.973,0.22007526,-0.008777936659578342,0.012921417289907033,0.12570922,0.91574824,0.505925,0.9428857935139621
MCF7,Fibroblast,COL4A2,CD44,0.5955759,0.96,0.3493122,-0.008587661765927145,0.01874282592930321,0.11921599,0.9319433,0.40763376306263244,0.9700275214994027
Fibroblast,Fibroblast,TNC,ITGA2,0.4748364,0.0,0.22262678,0.003048948067649851,0.2007176732853213,0.1285366,0.9161919,0.005313325592514174,0.9745331667783024
MCF7,MCF7,COL6A1,ITGA2_ITGB1,0.6185627,1.0,0.3276133,-0.027514701919140752,-0.1822409806109131,0.11586348,0.92988116,1.0,0.9894274841540742
Fibroblast,MCF10A,CCN1,CAV1,0.5273186,0.694,0.2722483,-0.010615844001113092,0.07283828888241839,0.12114951,0.9236006,0.06650857352639845,1.0
Fibroblast,MCF10A,COL4A2,CD44,0.5700258,0.892,0.32471135,-0.024768736565204168,-0.028719022137443817,0.11082002,0.9295905,0.8416166945563827,1.0
Fibroblast,Fibroblast,MMP1,CD44,0.56676966,0.0,0.31076655,0.0037236831251695954,0.17092076260610223,0.12904258,0.9281404,0.002025,1.0
Fibroblast,Fibroblast,COL4A1,ITGA2_ITGB1,0.57249653,0.0,0.30495778,0.00442319306368617,0.25016972379959324,0.12864621,0.92750865,0.0010495457960521819,1.0
Fibroblast,Fibroblast,CCN1,CAV1,0.55093086,0.0,0.29354903,0.00537751561348249,0.28157904037603365,0.13062826,0.9262163,0.00033208284953213586,1.0
Fibroblast,Fibroblast,LAMC1,CD44,0.5412388,0.0,0.2766037,0.0028389206829076354,0.1993611443677521,0.121870115,0.9241587,0.013473261730756095,1.0
Fibroblast,Fibroblast,COL4A2,ITGA2_ITGB1,0.48838916,0.0,0.23405224,0.0031915775484650816,0.2039674712479136,0.13369302,0.91809344,0.004825081961614645,1.0
Fibroblast,MCF7,CCN1,CAV1,0.5059907,1.0,0.25300834,-0.025061812449001013,-0.04465299739181483,0.11258779,0.9209743,1.0,1.0
Fibroblast,MCF10A,MMP1,CD44,0.5246402,0.889,0.2716292,-0.024426905882150855,-0.06758713941865135,0.11279119,0.92352027,0.7758552284680011,1.0
Fibroblast,MCF7,COL4A1,ITGA2_ITGB1,0.55375147,0.978,0.27783465,-0.010953482606822936,0.045704046180392144,0.11720434,0.92431414,0.6160740335359607,1.0
Fibroblast,MCF10A,LAMC1,CD44,0.49910936,0.897,0.24176876,-0.025311668324412815,-0.039146757657001485,0.106522016,0.9193048,1.0,1.0
MCF10A,Fibroblast,COL4A1,ITGA2_ITGB1,0.59098744,0.198,0.3205463,0.016380038393963663,0.13367214960057683,0.13522223,0.92916685,0.004371286114336453,1.0
MCF10A,Fibroblast,COL4A2,CD44,0.58034086,0.84,0.3289262,-0.019586248854249033,0.011362013404581317,0.1122585,0.9300114,0.416878329690595,1.0
MCF10A,Fibroblast,LAMC1,CD44,0.5383935,0.464,0.27279633,0.0004895329388234016,0.10981536742487519,0.12019262,0.92367154,0.0324,1.0
Fibroblast,MCF7,COL4A2,CD44,0.58445406,0.999,0.3407343,-0.015128156231545693,-0.014474745394380983,0.11628846,0.9311506,1.0,1.0
MCF10A,MCF7,COL4A2,CD44,0.5526397,0.969,0.3016887,-0.03809625752791101,-0.21290161187710943,0.102962665,0.9271455,1.0,1.0
MCF10A,MCF7,COL4A1,ITGA2_ITGB1,0.5722424,0.408,0.29203668,0.0010033627234545574,-0.07079352801862426,0.12319547,0.92603964,0.186508207545022,1.0
MCF10A,MCF10A,MMP1,CD44,0.49221835,0.974,0.23370914,-0.04973871901581434,-0.23586579167727661,0.09704528,0.9180382,1.0,1.0
MCF10A,MCF10A,LAMC1,CD44,0.496264,0.862,0.23844089,-0.027661056068497048,-0.1286925345998784,0.10505578,0.91878915,1.0,1.0
MCF10A,MCF10A,CCN1,CAV1,0.4962842,0.894,0.23478447,-0.03498388910560235,-0.2561684732403584,0.10447824,0.91821074,1.0,1.0
MCF10A,Fibroblast,TNC,ITGA2,0.4752033,0.426,0.22293608,0.0033196171541828006,0.0762248679939932,0.12871519,0.91624516,0.016265943057581514,1.0
MCF10A,Fibroblast,MMP1,CD44,0.5343478,0.869,0.26738283,-0.021588130008493883,0.002642110347476967,0.11102794,0.92296195,0.5841507000887917,1.0
MCF10A,MCF10A,COL4A2,CD44,0.53821146,0.959,0.28750187,-0.04773683786156949,-0.22714588862017226,0.09812087,0.9255019,1.0,1.0
MCF10A,Fibroblast,COL6A1,ITGA2_ITGB1,0.59801805,0.978,0.32647336,-0.03540894303885109,0.012121377818203216,0.11546032,0.92976743,1.0,1.0
MCF10A,Fibroblast,CCN1,CAV1,0.51989645,0.833,0.25315404,-0.01899052949100677,-0.047427721746743146,0.11265264,0.92099524,0.4036974523598113,1.0
Fibroblast,MCF7,MMP1,CD44,0.5390685,0.999,0.2850328,-0.01478632554849238,-0.05334286267558852,0.1183569,0.925204,1.0,1.0
Fibroblast,MCF7,LAMC1,CD44,0.51353765,1.0,0.2536989,-0.01567108799075434,-0.02490248091393865,0.11177837,0.92107344,1.0,1.0
MCF10A,MCF7,MMP1,CD44,0.50664663,0.986,0.24524157,-0.04009813868215586,-0.22162151493421378,0.10183401,0.91983217,1.0,1.0
MCF10A,MCF7,LAMC1,CD44,0.51069236,0.846,0.2502068,-0.018020475734838573,-0.11444825785681556,0.11023978,0.92056817,0.9114726043303052,1.0
MCF10A,MCF7,COL6A1,ITGA2_ITGB1,0.579273,0.991,0.2974366,-0.05078561870936019,-0.19234429980099788,0.10519121,0.9266646,1.0,1.0
MCF7,Fibroblast,COL4A1,ITGA2_ITGB1,0.53105044,1.0,0.27001724,-0.02237591916420242,-0.04728785755568321,0.11390657,0.9233098,1.0,1.0
MCF7,MCF10A,LAMC1,CD44,0.48949033,0.946,0.2305185,-0.03325247769252445,-0.21647321071204484,0.10156522,0.91751957,1.0,1.0
MCF7,MCF10A,MMP1,CD44,0.50511074,0.975,0.24878784,-0.039673882590475974,-0.1779747052658831,0.103306554,0.92035997,1.0,1.0
MCF7,MCF10A,CCN1,CAV1,0.50073034,0.931,0.24015176,-0.03149279216708028,-0.163093347376438,0.10686667,0.91905546,1.0,1.0
MCF7,MCF10A,COL4A2,CD44,0.5534464,0.967,0.30532047,-0.03673825077324759,-0.21976507609545037,0.104202144,0.9275486,1.0,1.0
MCF7,Fibroblast,LAMC1,CD44,0.5316198,0.845,0.26373246,-0.005101888685204003,0.022034691312708743,0.11619913,0.9224718,0.142361657321479,1.0
MCF7,Fibroblast,MMP1,CD44,0.54724014,0.996,0.2846341,-0.011523293583155528,0.06053319675887048,0.118191354,0.9251556,0.6553994348063656,1.0
MCF7,Fibroblast,CCN1,CAV1,0.52434266,0.999,0.25894126,-0.015499432552484694,0.04564740411717727,0.11522794,0.92181367,1.0,1.0
MCF7,MCF7,CCN1,CAV1,0.47940248,1.0,0.22318009,-0.045938760614968197,-0.2805846336506712,0.09931433,0.9162871,1.0,1.0
MCF7,MCF7,COL4A2,CD44,0.5678748,1.0,0.32038656,-0.02709767043958912,-0.20552079935238754,0.10934402,0.92915046,1.0,1.0
MCF7,MCF7,COL4A1,ITGA2_ITGB1,0.5123054,1.0,0.24600172,-0.03775259483471152,-0.2517535351748843,0.10377565,0.9199462,1.0,1.0
MCF7,MCF7,MMP1,CD44,0.519539,1.0,0.26106432,-0.030033302256817503,-0.16373042852282027,0.10840424,0.92210746,1.0,1.0
MCF7,MCF7,LAMC1,CD44,0.50391865,1.0,0.24189349,-0.02361189735886598,-0.202228933968982,0.10657698,0.91932386,1.0,1.0
